<?xml version="1.0" encoding="utf-8"?>
<odoo>
    <data noupdate="0">
        <!-- Variants -->
        <record id="product_attribute_111" model="product.attribute">
            <field name="name">Type Of Focus</field>
            <field name="sequence">10</field>
            <field name="in_pos">1</field>
            <field name="Sequence">1</field>
        </record>
        <record id="product_attribute_value_11" model="product.attribute.value">
            <field name="name">MonoFocol</field>
            <field name="attribute_id" ref="product_attribute_111"/>
            <field name="sequence">1</field>
        </record>
        <record id="product_attribute_value_12" model="product.attribute.value">
            <field name="name">BiFocal</field>
            <field name="attribute_id" ref="product_attribute_111"/>
            <field name="sequence">2</field>
        </record>
        <record id="product_attribute_value_13" model="product.attribute.value">
            <field name="name">MultiFocal</field>
            <field name="attribute_id" ref="product_attribute_111"/>
            <field name="sequence">3</field>
        </record>
        <record id="product_attribute_222" model="product.attribute">
            <field name="name">Material</field>
            <field name="sequence">10</field>
            <field name="in_pos">1</field>
            <field name="Sequence">2</field>
        </record>
        <record id="product_attribute_value_21" model="product.attribute.value">
            <field name="name">Resins</field>
            <field name="attribute_id" ref="product_attribute_222"/>
            <field name="sequence">1</field>
        </record>
        <record id="product_attribute_value_22" model="product.attribute.value">
            <field name="name">Crystals</field>
            <field name="attribute_id" ref="product_attribute_222"/>
            <field name="sequence">2</field>
        </record>
        <record id="product_attribute_value_23" model="product.attribute.value">
            <field name="name">Polycarbonate</field>
            <field name="attribute_id" ref="product_attribute_222"/>
            <field name="sequence">3</field>
        </record>
        <record id="product_attribute_value_24" model="product.attribute.value">
            <field name="name">Futurex</field>
            <field name="attribute_id" ref="product_attribute_222"/>
            <field name="sequence">4</field>
        </record>
        <record id="product_attribute_333" model="product.attribute">
            <field name="name">Treatment</field>
            <field name="sequence">10</field>
            <field name="in_pos">1</field>
            <field name="Sequence">3</field>
        </record>
        <record id="product_attribute_value_31" model="product.attribute.value">
            <field name="name">UltraViolet</field>
            <field name="attribute_id" ref="product_attribute_333"/>
            <field name="sequence">1</field>
        </record>
        <record id="product_attribute_value_32" model="product.attribute.value">
            <field name="name">DQ/HQ</field>
            <field name="attribute_id" ref="product_attribute_333"/>
            <field name="sequence">2</field>
        </record>
        <record id="product_attribute_value_33" model="product.attribute.value">
            <field name="name">Anti Reflection</field>
            <field name="attribute_id" ref="product_attribute_333"/>
            <field name="sequence">3</field>
        </record>
        <record id="product_attribute_444" model="product.attribute">
            <field name="name">Photochromic</field>
            <field name="sequence">10</field>
            <field name="in_pos">1</field>
            <field name="Sequence">4</field>
        </record>
        <record id="product_attribute_value_41" model="product.attribute.value">
            <field name="name">Transitions</field>
            <field name="attribute_id" ref="product_attribute_444"/>
            <field name="sequence">1</field>
        </record>
        <record id="product_attribute_value_42" model="product.attribute.value">
            <field name="name">PhotoFusion</field>
            <field name="attribute_id" ref="product_attribute_444"/>
            <field name="sequence">2</field>
        </record>
        <record id="product_attribute_value_43" model="product.attribute.value">
            <field name="name">Colormatic</field>
            <field name="attribute_id" ref="product_attribute_444"/>
            <field name="sequence">3</field>
        </record>
        <record id="product_attribute_555" model="product.attribute">
            <field name="name">Filter</field>
            <field name="sequence">10</field>
            <field name="in_pos">1</field>
            <field name="Sequence">5</field>
        </record>
        <record id="product_attribute_value_51" model="product.attribute.value">
            <field name="name">Blue Light Filter</field>
            <field name="attribute_id" ref="product_attribute_555"/>
            <field name="sequence">1</field>
        </record>
        <record id="product_attribute_666" model="product.attribute">
            <field name="name">High Index</field>
            <field name="sequence">10</field>
            <field name="in_pos">1</field>
            <field name="Sequence">6</field>
        </record>
        <record id="product_attribute_value_61" model="product.attribute.value">
            <field name="name">1.67</field>
            <field name="attribute_id" ref="product_attribute_666"/>
            <field name="sequence">1</field>
        </record>
        <record id="product_attribute_value_62" model="product.attribute.value">
            <field name="name">1.74</field>
            <field name="attribute_id" ref="product_attribute_666"/>
            <field name="sequence">2</field>
        </record>
        <record id="product_attribute_777" model="product.attribute">
            <field name="name">Carving</field>
            <field name="sequence">10</field>
            <field name="in_pos">1</field>
            <field name="Sequence">7</field>
        </record>
        <record id="product_attribute_value_71" model="product.attribute.value">
            <field name="name">Digital Carving</field>
            <field name="attribute_id" ref="product_attribute_777"/>
            <field name="sequence">1</field>
        </record>
        <record id="product_attribute_value_72" model="product.attribute.value">
            <field name="name">Conventional Carving</field>
            <field name="attribute_id" ref="product_attribute_777"/>
            <field name="sequence">2</field>
        </record>
        <record id="product_attribute_888" model="product.attribute">
            <field name="name">Special Works</field>
            <field name="sequence">10</field>
            <field name="in_pos">1</field>
            <field name="Sequence">8</field>
        </record>
        <record id="product_attribute_value_81" model="product.attribute.value">
            <field name="name">Colored White</field>
            <field name="attribute_id" ref="product_attribute_888"/>
            <field name="sequence">1</field>
        </record>
        <record id="product_attribute_value_82" model="product.attribute.value">
            <field name="name">Colored Degrade</field>
            <field name="attribute_id" ref="product_attribute_888"/>
            <field name="sequence">2</field>
        </record>
        <record id="product_attribute_value_83" model="product.attribute.value">
            <field name="name">Colored Others</field>
            <field name="attribute_id" ref="product_attribute_888"/>
            <field name="sequence">3</field>
        </record>
        <record id="product_attribute_value_84" model="product.attribute.value">
            <field name="name">Prism</field>
            <field name="attribute_id" ref="product_attribute_888"/>
            <field name="sequence">4</field>
        </record>
        <record id="product_attribute_999" model="product.attribute">
            <field name="name">Type Scope</field>
            <field name="sequence">10</field>
            <field name="in_pos">1</field>
            <field name="Sequence">9</field>
        </record>
        <record id="product_attribute_value_91" model="product.attribute.value">
            <field name="name">Close</field>
            <field name="attribute_id" ref="product_attribute_999"/>
            <field name="sequence">1</field>
        </record>
        <record id="product_attribute_value_92" model="product.attribute.value">
            <field name="name">Far</field>
            <field name="attribute_id" ref="product_attribute_999"/>
            <field name="sequence">2</field>
        </record>

        <!--Product 1-->

<!--        <record id="product_product_00_product_template" model="product.template">-->
<!--            <field name="name">Optical Glasses 01</field>-->
<!--            <field name="standard_price">500.0</field>-->
<!--            <field name="list_price">750.0</field>-->
<!--            <field name="type">consu</field>-->
<!--            <field name="weight">0.01</field>-->
<!--            <field name="available_in_pos">True</field>-->
<!--            <field name="uom_id" ref="uom.product_uom_unit"/>-->
<!--            <field name="uom_po_id" ref="uom.product_uom_unit"/>-->
<!--        </record>-->
<!--        &lt;!&ndash; the product template attribute lines have to be defined before creating the variants &ndash;&gt;-->
<!--        <record id="product_00_attribute_1_product_template_attribute_line" model="product.template.attribute.line">-->
<!--            <field name="product_tmpl_id" ref="product_product_00_product_template"/>-->
<!--            <field name="attribute_id" ref="product_attribute_111"/>-->
<!--            <field name="value_ids" eval="[(6, 0, [ref('product_attribute_value_11'), ref('product_attribute_value_12'), ref('product_attribute_value_13'), ref('product_attribute_value_14')])]"/>-->
<!--        </record>-->
<!--        <record id="product_00_attribute_2_product_template_attribute_line" model="product.template.attribute.line">-->
<!--            <field name="product_tmpl_id" ref="product_product_00_product_template"/>-->
<!--            <field name="attribute_id" ref="product_attribute_222"/>-->
<!--            <field name="value_ids" eval="[(6, 0, [ref('product_attribute_value_21'), ref('product_attribute_value_22'), ref('product_attribute_value_23'), ref('product_attribute_value_24'), ref('product_attribute_value_25')])]"/>-->
<!--        </record>-->
<!--        <record id="product_00_attribute_3_product_template_attribute_line" model="product.template.attribute.line">-->
<!--            <field name="product_tmpl_id" ref="product_product_00_product_template"/>-->
<!--            <field name="attribute_id" ref="product_attribute_333"/>-->
<!--            <field name="value_ids" eval="[(6, 0, [ref('product_attribute_value_31'), ref('product_attribute_value_32'), ref('product_attribute_value_33'), ref('product_attribute_value_34')])]"/>-->
<!--        </record>-->
    </data>
</odoo>
