<?xml version="1.0" encoding="utf-8"?>
<odoo >
<data noupdate="1">
     <record model="ir.rule" id="see_his_own_doctor">
        <field name="name">Doctor See His Record Only</field>
        <field name="model_id" ref="model_optical_dr"/>
        <field name="domain_force">[('partner_id','=',user.partner_id.id)]</field>
        <field name="groups" eval="[(4, ref('group_optical_erp_doctors'))]"/>
    </record>
     <record model="ir.rule" id="see_all_own_doctor">
        <field name="name">Doctor See All</field>
        <field name="model_id" ref="model_optical_dr"/>
        <field name="domain_force">[(1,'=',1)]</field>
        <field name="groups" eval="[(4, ref('base.group_system'))]"/>
    </record>
</data>
</odoo>